<?xml version="1.0" encoding="UTF-8" standalone="yes"?><imgdir name="01012173.img"><imgdir name="info"><canvas name="icon" width="30" height="30"><vector name="origin" x="-1" y="31"/></canvas><canvas name="iconRaw" width="30" height="27"><vector name="origin" x="-1" y="31"/></canvas><string name="islot" value="Af"/><string name="vslot" value="Af"/><int name="reqJob" value="0"/><int name="reqLevel" value="150"/><int name="reqSTR" value="0"/><int name="reqDEX" value="0"/><int name="reqINT" value="0"/><int name="reqLUK" value="0"/><int name="incSTR" value="8"/><int name="incDEX" value="8"/><int name="incINT" value="8"/><int name="incLUK" value="8"/><int name="incPAD" value="30"/><int name="incPDD" value="30"/><int name="incMAD" value="30"/><int name="incMDD" value="30"/><int name="incMSpeed" value="5"/><int name="price" value="100000"/><int name="tradeBlock" value="1"/><int name="tuc" value="0"/></imgdir><imgdir name="default"><canvas name="default" width="39" height="35"><vector name="origin" x="15" y="24"/><imgdir name="map"><vector name="brow" x="0" y="-12"/></imgdir><string name="z" value="accessoryFace"/></canvas></imgdir><imgdir name="blink"><imgdir name="0"><uol name="default" value="../../default/default"/></imgdir><imgdir name="1"><uol name="default" value="../../default/default"/></imgdir><imgdir name="2"><uol name="default" value="../../default/default"/></imgdir></imgdir><imgdir name="hit"><imgdir name="0"><uol name="default" value="../../default/default"/></imgdir></imgdir><imgdir name="smile"><imgdir name="0"><uol name="default" value="../../default/default"/></imgdir></imgdir><imgdir name="troubled"><imgdir name="0"><uol name="default" value="../../default/default"/></imgdir></imgdir><imgdir name="cry"><imgdir name="0"><uol name="default" value="../../default/default"/></imgdir></imgdir><imgdir name="angry"><imgdir name="0"><uol name="default" value="../../default/default"/></imgdir></imgdir><imgdir name="bewildered"><imgdir name="0"><uol name="default" value="../../default/default"/></imgdir></imgdir><imgdir name="stunned"><imgdir name="0"><uol name="default" value="../../bewildered/0/default"/></imgdir></imgdir><imgdir name="vomit"><imgdir name="0"><uol name="default" value="../../default/default"/></imgdir><imgdir name="1"><uol name="default" value="../0/default"/></imgdir></imgdir><imgdir name="oops"><imgdir name="0"><uol name="default" value="../../default/default"/></imgdir></imgdir><imgdir name="cheers"><imgdir name="0"><uol name="default" value="../../default/default"/></imgdir></imgdir><imgdir name="chu"><imgdir name="0"><uol name="default" value="../../default/default"/></imgdir></imgdir><imgdir name="wink"><imgdir name="0"><uol name="default" value="../../default/default"/></imgdir></imgdir><imgdir name="pain"><imgdir name="0"><uol name="default" value="../../default/default"/></imgdir></imgdir><imgdir name="glitter"><imgdir name="0"><uol name="default" value="../../default/default"/></imgdir><imgdir name="1"><uol name="default" value="../../default/default"/></imgdir></imgdir><imgdir name="shine"><imgdir name="0"><uol name="default" value="../../bewildered/0/default"/></imgdir></imgdir><imgdir name="blaze"><imgdir name="0"><uol name="default" value="../../default/default"/></imgdir><imgdir name="1"><uol name="default" value="../../default/default"/></imgdir></imgdir><imgdir name="despair"><imgdir name="0"><uol name="default" value="../../default/default"/></imgdir><imgdir name="1"><uol name="default" value="../../default/default"/></imgdir></imgdir><imgdir name="love"><imgdir name="0"><uol name="default" value="../../default/default"/></imgdir><imgdir name="1"><uol name="default" value="../../default/default"/></imgdir></imgdir><imgdir name="hum"><imgdir name="0"><uol name="default" value="../../default/default"/></imgdir><imgdir name="1"><uol name="default" value="../../default/default"/></imgdir></imgdir><imgdir name="bowing"><imgdir name="0"><uol name="default" value="../../default/default"/></imgdir><imgdir name="1"><uol name="default" value="../../default/default"/></imgdir></imgdir><imgdir name="hot"><imgdir name="0"><uol name="default" value="../../default/default"/></imgdir><imgdir name="1"><uol name="default" value="../../default/default"/></imgdir></imgdir><imgdir name="dam"><imgdir name="0"><uol name="default" value="../../default/default"/></imgdir><imgdir name="1"><uol name="default" value="../../default/default"/></imgdir></imgdir></imgdir>