<?xml version="1.0" encoding="UTF-8" standalone="yes"?><imgdir name="01122009.img"><imgdir name="info"><canvas name="icon" width="31" height="32"><vector name="origin" x="0" y="32"/></canvas><canvas name="iconRaw" width="31" height="30"><vector name="origin" x="0" y="32"/></canvas><string name="islot" value="Pe"/><string name="vslot" value="Pe"/><int name="reqJob" value="0"/><int name="reqLevel" value="25"/><int name="reqSTR" value="0"/><int name="reqDEX" value="0"/><int name="reqINT" value="0"/><int name="reqLUK" value="0"/><int name="incSTR" value="0"/><int name="incDEX" value="0"/><int name="incINT" value="0"/><int name="incLUK" value="0"/><int name="incPDD" value="20"/><int name="incMDD" value="20"/><int name="incEVA" value="0"/><int name="tuc" value="5"/><int name="price" value="75000"/><int name="cash" value="0"/><int name="tradeBlock" value="1"/><int name="only" value="1"/><int name="notSale" value="1"/><int name="quest" value="1"/></imgdir></imgdir>