<?xml version="1.0" encoding="UTF-8" standalone="yes"?><imgdir name="01122034.img"><imgdir name="info"><canvas name="icon" width="33" height="29"><vector name="origin" x="0" y="29"/></canvas><canvas name="iconRaw" width="33" height="28"><vector name="origin" x="0" y="29"/></canvas><string name="islot" value="Pe"/><string name="vslot" value="Pe"/><int name="reqJob" value="1"/><int name="reqLevel" value="71"/><int name="reqSTR" value="0"/><int name="reqDEX" value="0"/><int name="reqINT" value="0"/><int name="reqLUK" value="0"/><int name="incSTR" value="0"/><int name="incDEX" value="0"/><int name="incINT" value="0"/><int name="incLUK" value="0"/><int name="incPAD" value="40"/><int name="incPDD" value="20"/><int name="incMAD" value="0"/><int name="incMDD" value="20"/><int name="incSpeed" value="3"/><int name="incEVA" value="0"/><int name="tuc" value="3"/><int name="price" value="50000"/><int name="cash" value="0"/><int name="tradeBlock" value="1"/><int name="tradeAvailable" value="1"/></imgdir></imgdir>