<?xml version="1.0" encoding="UTF-8" standalone="yes"?><imgdir name="01122000.img"><imgdir name="info"><canvas name="icon" width="30" height="32"><vector name="origin" x="-2" y="32"/></canvas><canvas name="iconRaw" width="30" height="32"><vector name="origin" x="-2" y="32"/></canvas><string name="islot" value="Pe"/><string name="vslot" value="Pe"/><int name="reqJob" value="0"/><int name="reqLevel" value="120"/><int name="reqSTR" value="0"/><int name="reqDEX" value="0"/><int name="reqINT" value="0"/><int name="reqLUK" value="0"/><int name="incSTR" value="7"/><int name="incDEX" value="7"/><int name="incINT" value="7"/><int name="incLUK" value="7"/><int name="incPDD" value="108"/><int name="incMDD" value="108"/><int name="incEVA" value="24"/><int name="tuc" value="3"/><int name="price" value="300000"/><int name="cash" value="0"/><int name="tradeBlock" value="1"/><int name="only" value="1"/><int name="tradeAvailable" value="1"/></imgdir></imgdir>