<?xml version="1.0" encoding="UTF-8" standalone="yes"?><imgdir name="01132035.img"><imgdir name="info"><canvas name="icon" width="32" height="25"><vector name="origin" x="-1" y="26"/></canvas><canvas name="iconRaw" width="32" height="23"><vector name="origin" x="-1" y="26"/></canvas><string name="islot" value="Be"/><string name="vslot" value="Be"/><int name="reqJob" value="0"/><int name="reqLevel" value="10"/><int name="reqSTR" value="0"/><int name="reqDEX" value="0"/><int name="reqINT" value="0"/><int name="reqLUK" value="0"/><int name="incSTR" value="5"/><int name="incDEX" value="5"/><int name="incINT" value="5"/><int name="incLUK" value="5"/><int name="incPDD" value="50"/><int name="incMAD" value="25"/><int name="incMDD" value="50"/><int name="incEVA" value="20"/><int name="tuc" value="3"/><int name="price" value="0"/><int name="cash" value="0"/><int name="tradeBlock" value="1"/><int name="timeLimited" value="1"/></imgdir></imgdir>