<?xml version="1.0" encoding="UTF-8" standalone="yes"?><imgdir name="01132029.img"><imgdir name="info"><canvas name="icon" width="33" height="28"><vector name="origin" x="-1" y="29"/></canvas><canvas name="iconRaw" width="33" height="27"><vector name="origin" x="-1" y="29"/></canvas><string name="islot" value="Be"/><string name="vslot" value="Be"/><int name="reqJob" value="0"/><int name="reqLevel" value="10"/><int name="reqSTR" value="0"/><int name="reqDEX" value="0"/><int name="reqINT" value="0"/><int name="reqLUK" value="0"/><int name="incSTR" value="3"/><int name="incDEX" value="3"/><int name="incINT" value="3"/><int name="incLUK" value="3"/><int name="incPDD" value="32"/><int name="incMAD" value="13"/><int name="incMDD" value="32"/><int name="incEVA" value="13"/><int name="tuc" value="3"/><int name="price" value="0"/><int name="cash" value="0"/><int name="tradeBlock" value="1"/><int name="timeLimited" value="1"/></imgdir></imgdir>